code,name
\U0001F600,grinning_face
\U0001F603,grinning_face_with_big_eyes
\U0001F604,grinning_face_with_smiling_eyes
\U0001F601,beaming_face_with_smiling_eyes
\U0001F606,grinning_squinting_face
\U0001F605,grinning_face_with_sweat
\U0001F923,rolling_on_the_floor_laughing
\U0001F602,face_with_tears_of_joy
\U0001F642,slightly_smiling_face
\U0001F643,upside_down_face
\U0001FAE0,melting_face
\U0001F609,winking_face
\U0001F60A,smiling_face_with_smiling_eyes
\U0001F607,smiling_face_with_halo
\U0001F970,smiling_face_with_hearts
\U0001F60D,smiling_face_with_heart_eyes
\U0001F929,star_struck
\U0001F618,face_blowing_a_kiss
\U0001F617,kissing_face
\U000263A,smiling_face
\U0001F61A,kissing_face_with_closed_eyes
\U0001F619,kissing_face_with_smiling_eyes
\U0001F972,smiling_face_with_tear
\U0001F60B,face_savoring_food
\U0001F61B,face_with_tongue
\U0001F61C,winking_face_with_tongue
\U0001F92A,zany_face
\U0001F61D,squinting_face_with_tongue
\U0001F911,money_mouth_face
\U0001F917,smiling_face_with_open_hands
\U0001F92D,face_with_hand_over_mouth
\U0001FAE2,face_with_open_eyes_and_hand_over_mouth
\U0001FAE3,face_with_peeking_eye
\U0001F92B,shushing_face
\U0001F914,thinking_face
\U0001FAE1,saluting_face
\U0001F910,zipper_mouth_face
\U0001F928,face_with_raised_eyebrow
\U0001F610,neutral_face
\U0001F611,expressionless_face
\U0001F636,face_without_mouth
\U0001FAE5,dotted_line_face
\U000FE0F,face_in_clouds
\U0001F60F,smirking_face
\U0001F612,unamused_face
\U0001F644,face_with_rolling_eyes
\U0001F62C,grimacing_face
\U0001F4A8,face_exhaling
\U0001F925,lying_face
\U0001F60C,relieved_face
\U0001F614,pensive_face
\U0001F62A,sleepy_face
\U0001F924,drooling_face
\U0001F634,sleeping_face
\U0001F637,face_with_medical_mask
\U0001F912,face_with_thermometer
\U0001F915,face_with_head_bandage
\U0001F922,nauseated_face
\U0001F92E,face_vomiting
\U0001F927,sneezing_face
\U0001F975,hot_face
\U0001F976,cold_face
\U0001F974,woozy_face
\U0001F635,face_with_crossed_out_eyes
\U0001F4AB,face_with_spiral_eyes
\U0001F92F,exploding_head
\U0001F920,cowboy_hat_face
\U0001F973,partying_face
\U0001F978,disguised_face
\U0001F60E,smiling_face_with_sunglasses
\U0001F913,nerd_face
\U0001F9D0,face_with_monocle
\U0001F615,confused_face
\U0001FAE4,face_with_diagonal_mouth
\U0001F61F,worried_face
\U0001F641,slightly_frowning_face
\U0002639,frowning_face
\U0001F62E,face_with_open_mouth
\U0001F62F,hushed_face
\U0001F632,astonished_face
\U0001F633,flushed_face
\U0001F97A,pleading_face
\U0001F979,face_holding_back_tears
\U0001F626,frowning_face_with_open_mouth
\U0001F627,anguished_face
\U0001F628,fearful_face
\U0001F630,anxious_face_with_sweat
\U0001F625,sad_but_relieved_face
\U0001F622,crying_face
\U0001F62D,loudly_crying_face
\U0001F631,face_screaming_in_fear
\U0001F616,confounded_face
\U0001F623,persevering_face
\U0001F61E,disappointed_face
\U0001F613,downcast_face_with_sweat
\U0001F629,weary_face
\U0001F62B,tired_face
\U0001F971,yawning_face
\U0001F624,face_with_steam_from_nose
\U0001F621,pouting_face
\U0001F620,angry_face
\U0001F92C,face_with_symbols_on_mouth
\U0001F608,smiling_face_with_horns
\U0001F47F,angry_face_with_horns
\U0001F480,skull
\U0002620,skull_and_crossbones
\U0001F4A9,pile_of_poo
\U0001F921,clown_face
\U0001F479,ogre
\U0001F47A,goblin
\U0001F47B,ghost
\U0001F47D,alien
\U0001F47E,alien_monster
\U0001F916,robot
\U0001F63A,grinning_cat
\U0001F638,grinning_cat_with_smiling_eyes
\U0001F639,cat_with_tears_of_joy
\U0001F63B,smiling_cat_with_heart_eyes
\U0001F63C,cat_with_wry_smile
\U0001F63D,kissing_cat
\U0001F640,weary_cat
\U0001F63F,crying_cat
\U0001F63E,pouting_cat
\U0001F648,see_no_evil_monkey
\U0001F649,hear_no_evil_monkey
\U0001F64A,speak_no_evil_monkey
\U0001F48B,kiss_mark
\U0001F48C,love_letter
\U0001F498,heart_with_arrow
\U0001F49D,heart_with_ribbon
\U0001F496,sparkling_heart
\U0001F497,growing_heart
\U0001F493,beating_heart
\U0001F49E,revolving_hearts
\U0001F495,two_hearts
\U0001F49F,heart_decoration
\U0002763,heart_exclamation
\U0001F494,broken_heart
\U0001F525,heart_on_fire
\U0001FA79,mending_heart
\U0002764,red_heart
\U0001F9E1,orange_heart
\U0001F49B,yellow_heart
\U0001F49A,green_heart
\U0001F499,blue_heart
\U0001F49C,purple_heart
\U0001F90E,brown_heart
\U0001F5A4,black_heart
\U0001F90D,white_heart
\U0001F4AF,hundred_points
\U0001F4A2,anger_symbol
\U0001F4A5,collision
\U0001F4AB,dizzy
\U0001F4A6,sweat_droplets
\U0001F4A8,dashing_away
\U0001F573,hole
\U0001F4A3,bomb
\U0001F4AC,speech_balloon
\U000FE0F,eye_in_speech_bubble
\U0001F5E8,left_speech_bubble
\U0001F5EF,right_anger_bubble
\U0001F4AD,thought_balloon
\U0001F4A4,zzz
\U0001F44B,waving_hand
\U0001F91A,raised_back_of_hand
\U0001F590,hand_with_fingers_splayed
\U000270B,raised_hand
\U0001F596,vulcan_salute
\U0001FAF1,rightwards_hand
\U0001FAF2,leftwards_hand
\U0001FAF3,palm_down_hand
\U0001FAF4,palm_up_hand
\U0001F44C,ok_hand
\U0001F90C,pinched_fingers
\U0001F90F,pinching_hand
\U000270C,victory_hand
\U0001F91E,crossed_fingers
\U0001FAF0,hand_with_index_finger_and_thumb_crossed
\U0001F91F,love_you_gesture
\U0001F918,sign_of_the_horns
\U0001F919,call_me_hand
\U0001F448,backhand_index_pointing_left
\U0001F449,backhand_index_pointing_right
\U0001F446,backhand_index_pointing_up
\U0001F595,middle_finger
\U0001F447,backhand_index_pointing_down
\U000261D,index_pointing_up
\U0001FAF5,index_pointing_at_the_viewer
\U0001F44D,thumbs_up
\U0001F44E,thumbs_down
\U000270A,raised_fist
\U0001F44A,oncoming_fist
\U0001F91B,left_facing_fist
\U0001F91C,right_facing_fist
\U0001F44F,clapping_hands
\U0001F64C,raising_hands
\U0001FAF6,heart_hands
\U0001F450,open_hands
\U0001F932,palms_up_together
\U0001F91D,handshake
\U0001F64F,folded_hands
\U000270D,writing_hand
\U0001F485,nail_polish
\U0001F933,selfie
\U0001F4AA,flexed_biceps
\U0001F9BE,mechanical_arm
\U0001F9BF,mechanical_leg
\U0001F9B5,leg
\U0001F9B6,foot
\U0001F442,ear
\U0001F9BB,ear_with_hearing_aid
\U0001F443,nose
\U0001F9E0,brain
\U0001FAC0,anatomical_heart
\U0001FAC1,lungs
\U0001F9B7,tooth
\U0001F9B4,bone
\U0001F440,eyes
\U0001F441,eye
\U0001F445,tongue
\U0001F444,mouth
\U0001FAE6,biting_lip
\U0001F476,baby
\U0001F9D2,child
\U0001F466,boy
\U0001F467,girl
\U0001F9D1,person
\U0001F471,person_blond_hair
\U0001F468,man
\U0001F9D4,person_beard
\U000FE0F,man_beard
\U000FE0F,woman_beard
\U0001F9B0,man_red_hair
\U0001F9B1,man_curly_hair
\U0001F9B3,man_white_hair
\U0001F9B2,man_bald
\U0001F469,woman
\U0001F9B0,woman_red_hair
\U0001F9B0,person_red_hair
\U0001F9B1,woman_curly_hair
\U0001F9B1,person_curly_hair
\U0001F9B3,woman_white_hair
\U0001F9B3,person_white_hair
\U0001F9B2,woman_bald
\U0001F9B2,person_bald
\U000FE0F,woman_blond_hair
\U000FE0F,man_blond_hair
\U0001F9D3,older_person
\U0001F474,old_man
\U0001F475,old_woman
\U0001F64D,person_frowning
\U000FE0F,man_frowning
\U000FE0F,woman_frowning
\U0001F64E,person_pouting
\U000FE0F,man_pouting
\U000FE0F,woman_pouting
\U0001F645,person_gesturing_no
\U000FE0F,man_gesturing_no
\U000FE0F,woman_gesturing_no
\U0001F646,person_gesturing_ok
\U000FE0F,man_gesturing_ok
\U000FE0F,woman_gesturing_ok
\U0001F481,person_tipping_hand
\U000FE0F,man_tipping_hand
\U000FE0F,woman_tipping_hand
\U0001F64B,person_raising_hand
\U000FE0F,man_raising_hand
\U000FE0F,woman_raising_hand
\U0001F9CF,deaf_person
\U000FE0F,deaf_man
\U000FE0F,deaf_woman
\U0001F647,person_bowing
\U000FE0F,man_bowing
\U000FE0F,woman_bowing
\U0001F926,person_facepalming
\U000FE0F,man_facepalming
\U000FE0F,woman_facepalming
\U0001F937,person_shrugging
\U000FE0F,man_shrugging
\U000FE0F,woman_shrugging
\U000FE0F,health_worker
\U000FE0F,man_health_worker
\U000FE0F,woman_health_worker
\U0001F393,student
\U0001F393,man_student
\U0001F393,woman_student
\U0001F3EB,teacher
\U0001F3EB,man_teacher
\U0001F3EB,woman_teacher
\U000FE0F,judge
\U000FE0F,man_judge
\U000FE0F,woman_judge
\U0001F33E,farmer
\U0001F33E,man_farmer
\U0001F33E,woman_farmer
\U0001F373,cook
\U0001F373,man_cook
\U0001F373,woman_cook
\U0001F527,mechanic
\U0001F527,man_mechanic
\U0001F527,woman_mechanic
\U0001F3ED,factory_worker
\U0001F3ED,man_factory_worker
\U0001F3ED,woman_factory_worker
\U0001F4BC,office_worker
\U0001F4BC,man_office_worker
\U0001F4BC,woman_office_worker
\U0001F52C,scientist
\U0001F52C,man_scientist
\U0001F52C,woman_scientist
\U0001F4BB,technologist
\U0001F4BB,man_technologist
\U0001F4BB,woman_technologist
\U0001F3A4,singer
\U0001F3A4,man_singer
\U0001F3A4,woman_singer
\U0001F3A8,artist
\U0001F3A8,man_artist
\U0001F3A8,woman_artist
\U000FE0F,pilot
\U000FE0F,man_pilot
\U000FE0F,woman_pilot
\U0001F680,astronaut
\U0001F680,man_astronaut
\U0001F680,woman_astronaut
\U0001F692,firefighter
\U0001F692,man_firefighter
\U0001F692,woman_firefighter
\U0001F46E,police_officer
\U000FE0F,man_police_officer
\U000FE0F,woman_police_officer
\U0001F575,detective
\U000FE0F,man_detective
\U000FE0F,woman_detective
\U0001F482,guard
\U000FE0F,man_guard
\U000FE0F,woman_guard
\U0001F977,ninja
\U0001F477,construction_worker
\U000FE0F,man_construction_worker
\U000FE0F,woman_construction_worker
\U0001FAC5,person_with_crown
\U0001F934,prince
\U0001F478,princess
\U0001F473,person_wearing_turban
\U000FE0F,man_wearing_turban
\U000FE0F,woman_wearing_turban
\U0001F472,person_with_skullcap
\U0001F9D5,woman_with_headscarf
\U0001F935,person_in_tuxedo
\U000FE0F,man_in_tuxedo
\U000FE0F,woman_in_tuxedo
\U0001F470,person_with_veil
\U000FE0F,man_with_veil
\U000FE0F,woman_with_veil
\U0001F930,pregnant_woman
\U0001FAC3,pregnant_man
\U0001FAC4,pregnant_person
\U0001F931,breast_feeding
\U0001F37C,woman_feeding_baby
\U0001F37C,man_feeding_baby
\U0001F37C,person_feeding_baby
\U0001F47C,baby_angel
\U0001F385,santa_claus
\U0001F936,mrs_claus
\U0001F384,mx_claus
\U0001F9B8,superhero
\U000FE0F,man_superhero
\U000FE0F,woman_superhero
\U0001F9B9,supervillain
\U000FE0F,man_supervillain
\U000FE0F,woman_supervillain
\U0001F9D9,mage
\U000FE0F,man_mage
\U000FE0F,woman_mage
\U0001F9DA,fairy
\U000FE0F,man_fairy
\U000FE0F,woman_fairy
\U0001F9DB,vampire
\U000FE0F,man_vampire
\U000FE0F,woman_vampire
\U0001F9DC,merperson
\U000FE0F,merman
\U000FE0F,mermaid
\U0001F9DD,elf
\U000FE0F,man_elf
\U000FE0F,woman_elf
\U0001F9DE,genie
\U000FE0F,man_genie
\U000FE0F,woman_genie
\U0001F9DF,zombie
\U000FE0F,man_zombie
\U000FE0F,woman_zombie
\U0001F9CC,troll
\U0001F486,person_getting_massage
\U000FE0F,man_getting_massage
\U000FE0F,woman_getting_massage
\U0001F487,person_getting_haircut
\U000FE0F,man_getting_haircut
\U000FE0F,woman_getting_haircut
\U0001F6B6,person_walking
\U000FE0F,man_walking
\U000FE0F,woman_walking
\U0001F9CD,person_standing
\U000FE0F,man_standing
\U000FE0F,woman_standing
\U0001F9CE,person_kneeling
\U000FE0F,man_kneeling
\U000FE0F,woman_kneeling
\U0001F9AF,person_with_white_cane
\U0001F9AF,man_with_white_cane
\U0001F9AF,woman_with_white_cane
\U0001F9BC,person_in_motorized_wheelchair
\U0001F9BC,man_in_motorized_wheelchair
\U0001F9BC,woman_in_motorized_wheelchair
\U0001F9BD,person_in_manual_wheelchair
\U0001F9BD,man_in_manual_wheelchair
\U0001F9BD,woman_in_manual_wheelchair
\U0001F3C3,person_running
\U000FE0F,man_running
\U000FE0F,woman_running
\U0001F483,woman_dancing
\U0001F57A,man_dancing
\U0001F574,person_in_suit_levitating
\U0001F46F,people_with_bunny_ears
\U000FE0F,men_with_bunny_ears
\U000FE0F,women_with_bunny_ears
\U0001F9D6,person_in_steamy_room
\U000FE0F,man_in_steamy_room
\U000FE0F,woman_in_steamy_room
\U0001F9D7,person_climbing
\U000FE0F,man_climbing
\U000FE0F,woman_climbing
\U0001F93A,person_fencing
\U0001F3C7,horse_racing
\U00026F7,skier
\U0001F3C2,snowboarder
\U0001F3CC,person_golfing
\U000FE0F,man_golfing
\U000FE0F,woman_golfing
\U0001F3C4,person_surfing
\U000FE0F,man_surfing
\U000FE0F,woman_surfing
\U0001F6A3,person_rowing_boat
\U000FE0F,man_rowing_boat
\U000FE0F,woman_rowing_boat
\U0001F3CA,person_swimming
\U000FE0F,man_swimming
\U000FE0F,woman_swimming
\U00026F9,person_bouncing_ball
\U000FE0F,man_bouncing_ball
\U000FE0F,woman_bouncing_ball
\U0001F3CB,person_lifting_weights
\U000FE0F,man_lifting_weights
\U000FE0F,woman_lifting_weights
\U0001F6B4,person_biking
\U000FE0F,man_biking
\U000FE0F,woman_biking
\U0001F6B5,person_mountain_biking
\U000FE0F,man_mountain_biking
\U000FE0F,woman_mountain_biking
\U0001F938,person_cartwheeling
\U000FE0F,man_cartwheeling
\U000FE0F,woman_cartwheeling
\U0001F93C,people_wrestling
\U000FE0F,men_wrestling
\U000FE0F,women_wrestling
\U0001F93D,person_playing_water_polo
\U000FE0F,man_playing_water_polo
\U000FE0F,woman_playing_water_polo
\U0001F93E,person_playing_handball
\U000FE0F,man_playing_handball
\U000FE0F,woman_playing_handball
\U0001F939,person_juggling
\U000FE0F,man_juggling
\U000FE0F,woman_juggling
\U0001F9D8,person_in_lotus_position
\U000FE0F,man_in_lotus_position
\U000FE0F,woman_in_lotus_position
\U0001F6C0,person_taking_bath
\U0001F6CC,person_in_bed
\U0001F9D1,people_holding_hands
\U0001F46D,women_holding_hands
\U0001F46B,woman_and_man_holding_hands
\U0001F46C,men_holding_hands
\U0001F48F,kiss
\U0001F468,kiss_woman_man
\U0001F468,kiss_man_man
\U0001F469,kiss_woman_woman
\U0001F491,couple_with_heart
\U0001F468,couple_with_heart_woman_man
\U0001F468,couple_with_heart_man_man
\U0001F469,couple_with_heart_woman_woman
\U0001F46A,family
\U0001F466,family_man_woman_boy
\U0001F467,family_man_woman_girl
\U0001F466,family_man_woman_girl_boy
\U0001F466,family_man_woman_boy_boy
\U0001F467,family_man_woman_girl_girl
\U0001F466,family_man_man_boy
\U0001F467,family_man_man_girl
\U0001F466,family_man_man_girl_boy
\U0001F466,family_man_man_boy_boy
\U0001F467,family_man_man_girl_girl
\U0001F466,family_woman_woman_boy
\U0001F467,family_woman_woman_girl
\U0001F466,family_woman_woman_girl_boy
\U0001F466,family_woman_woman_boy_boy
\U0001F467,family_woman_woman_girl_girl
\U0001F466,family_man_boy
\U0001F466,family_man_boy_boy
\U0001F467,family_man_girl
\U0001F466,family_man_girl_boy
\U0001F467,family_man_girl_girl
\U0001F466,family_woman_boy
\U0001F466,family_woman_boy_boy
\U0001F467,family_woman_girl
\U0001F466,family_woman_girl_boy
\U0001F467,family_woman_girl_girl
\U0001F5E3,speaking_head
\U0001F464,bust_in_silhouette
\U0001F465,busts_in_silhouette
\U0001FAC2,people_hugging
\U0001F463,footprints
\U0001F9B0,red_hair
\U0001F9B1,curly_hair
\U0001F9B3,white_hair
\U0001F9B2,bald
\U0001F435,monkey_face
\U0001F412,monkey
\U0001F98D,gorilla
\U0001F9A7,orangutan
\U0001F436,dog_face
\U0001F415,dog
\U0001F9AE,guide_dog
\U0001F9BA,service_dog
\U0001F429,poodle
\U0001F43A,wolf
\U0001F98A,fox
\U0001F99D,raccoon
\U0001F431,cat_face
\U0001F408,cat
\U0002B1B,black_cat
\U0001F981,lion
\U0001F42F,tiger_face
\U0001F405,tiger
\U0001F406,leopard
\U0001F434,horse_face
\U0001F40E,horse
\U0001F984,unicorn
\U0001F993,zebra
\U0001F98C,deer
\U0001F9AC,bison
\U0001F42E,cow_face
\U0001F402,ox
\U0001F403,water_buffalo
\U0001F404,cow
\U0001F437,pig_face
\U0001F416,pig
\U0001F417,boar
\U0001F43D,pig_nose
\U0001F40F,ram
\U0001F411,ewe
\U0001F410,goat
\U0001F42A,camel
\U0001F42B,two_hump_camel
\U0001F999,llama
\U0001F992,giraffe
\U0001F418,elephant
\U0001F9A3,mammoth
\U0001F98F,rhinoceros
\U0001F99B,hippopotamus
\U0001F42D,mouse_face
\U0001F401,mouse
\U0001F400,rat
\U0001F439,hamster
\U0001F430,rabbit_face
\U0001F407,rabbit
\U0001F43F,chipmunk
\U0001F9AB,beaver
\U0001F994,hedgehog
\U0001F987,bat
\U0001F43B,bear
\U000FE0F,polar_bear
\U0001F428,koala
\U0001F43C,panda
\U0001F9A5,sloth
\U0001F9A6,otter
\U0001F9A8,skunk
\U0001F998,kangaroo
\U0001F9A1,badger
\U0001F43E,paw_prints
\U0001F983,turkey
\U0001F414,chicken
\U0001F413,rooster
\U0001F423,hatching_chick
\U0001F424,baby_chick
\U0001F425,front_facing_baby_chick
\U0001F426,bird
\U0001F427,penguin
\U0001F54A,dove
\U0001F985,eagle
\U0001F986,duck
\U0001F9A2,swan
\U0001F989,owl
\U0001F9A4,dodo
\U0001FAB6,feather
\U0001F9A9,flamingo
\U0001F99A,peacock
\U0001F99C,parrot
\U0001F438,frog
\U0001F40A,crocodile
\U0001F422,turtle
\U0001F98E,lizard
\U0001F40D,snake
\U0001F432,dragon_face
\U0001F409,dragon
\U0001F995,sauropod
\U0001F996,t_rex
\U0001F433,spouting_whale
\U0001F40B,whale
\U0001F42C,dolphin
\U0001F9AD,seal
\U0001F41F,fish
\U0001F420,tropical_fish
\U0001F421,blowfish
\U0001F988,shark
\U0001F419,octopus
\U0001F41A,spiral_shell
\U0001FAB8,coral
\U0001F40C,snail
\U0001F98B,butterfly
\U0001F41B,bug
\U0001F41C,ant
\U0001F41D,honeybee
\U0001FAB2,beetle
\U0001F41E,lady_beetle
\U0001F997,cricket
\U0001FAB3,cockroach
\U0001F577,spider
\U0001F578,spider_web
\U0001F982,scorpion
\U0001F99F,mosquito
\U0001FAB0,fly
\U0001FAB1,worm
\U0001F9A0,microbe
\U0001F490,bouquet
\U0001F338,cherry_blossom
\U0001F4AE,white_flower
\U0001FAB7,lotus
\U0001F3F5,rosette
\U0001F339,rose
\U0001F940,wilted_flower
\U0001F33A,hibiscus
\U0001F33B,sunflower
\U0001F33C,blossom
\U0001F337,tulip
\U0001F331,seedling
\U0001FAB4,potted_plant
\U0001F332,evergreen_tree
\U0001F333,deciduous_tree
\U0001F334,palm_tree
\U0001F335,cactus
\U0001F33E,sheaf_of_rice
\U0001F33F,herb
\U0002618,shamrock
\U0001F340,four_leaf_clover
\U0001F341,maple_leaf
\U0001F342,fallen_leaf
\U0001F343,leaf_fluttering_in_wind
\U0001FAB9,empty_nest
\U0001FABA,nest_with_eggs
\U0001F347,grapes
\U0001F348,melon
\U0001F349,watermelon
\U0001F34A,tangerine
\U0001F34B,lemon
\U0001F34C,banana
\U0001F34D,pineapple
\U0001F96D,mango
\U0001F34E,red_apple
\U0001F34F,green_apple
\U0001F350,pear
\U0001F351,peach
\U0001F352,cherries
\U0001F353,strawberry
\U0001FAD0,blueberries
\U0001F95D,kiwi_fruit
\U0001F345,tomato
\U0001FAD2,olive
\U0001F965,coconut
\U0001F951,avocado
\U0001F346,eggplant
\U0001F954,potato
\U0001F955,carrot
\U0001F33D,ear_of_corn
\U0001F336,hot_pepper
\U0001FAD1,bell_pepper
\U0001F952,cucumber
\U0001F96C,leafy_green
\U0001F966,broccoli
\U0001F9C4,garlic
\U0001F9C5,onion
\U0001F344,mushroom
\U0001F95C,peanuts
\U0001FAD8,beans
\U0001F330,chestnut
\U0001F35E,bread
\U0001F950,croissant
\U0001F956,baguette_bread
\U0001FAD3,flatbread
\U0001F968,pretzel
\U0001F96F,bagel
\U0001F95E,pancakes
\U0001F9C7,waffle
\U0001F9C0,cheese_wedge
\U0001F356,meat_on_bone
\U0001F357,poultry_leg
\U0001F969,cut_of_meat
\U0001F953,bacon
\U0001F354,hamburger
\U0001F35F,french_fries
\U0001F355,pizza
\U0001F32D,hot_dog
\U0001F96A,sandwich
\U0001F32E,taco
\U0001F32F,burrito
\U0001FAD4,tamale
\U0001F959,stuffed_flatbread
\U0001F9C6,falafel
\U0001F95A,egg
\U0001F373,cooking
\U0001F958,shallow_pan_of_food
\U0001F372,pot_of_food
\U0001FAD5,fondue
\U0001F963,bowl_with_spoon
\U0001F957,green_salad
\U0001F37F,popcorn
\U0001F9C8,butter
\U0001F9C2,salt
\U0001F96B,canned_food
\U0001F371,bento_box
\U0001F358,rice_cracker
\U0001F359,rice_ball
\U0001F35A,cooked_rice
\U0001F35B,curry_rice
\U0001F35C,steaming_bowl
\U0001F35D,spaghetti
\U0001F360,roasted_sweet_potato
\U0001F362,oden
\U0001F363,sushi
\U0001F364,fried_shrimp
\U0001F365,fish_cake_with_swirl
\U0001F96E,moon_cake
\U0001F361,dango
\U0001F95F,dumpling
\U0001F960,fortune_cookie
\U0001F961,takeout_box
\U0001F980,crab
\U0001F99E,lobster
\U0001F990,shrimp
\U0001F991,squid
\U0001F9AA,oyster
\U0001F366,soft_ice_cream
\U0001F367,shaved_ice
\U0001F368,ice_cream
\U0001F369,doughnut
\U0001F36A,cookie
\U0001F382,birthday_cake
\U0001F370,shortcake
\U0001F9C1,cupcake
\U0001F967,pie
\U0001F36B,chocolate_bar
\U0001F36C,candy
\U0001F36D,lollipop
\U0001F36E,custard
\U0001F36F,honey_pot
\U0001F37C,baby_bottle
\U0001F95B,glass_of_milk
\U0002615,hot_beverage
\U0001FAD6,teapot
\U0001F375,teacup_without_handle
\U0001F376,sake
\U0001F37E,bottle_with_popping_cork
\U0001F377,wine_glass
\U0001F378,cocktail_glass
\U0001F379,tropical_drink
\U0001F37A,beer_mug
\U0001F37B,clinking_beer_mugs
\U0001F942,clinking_glasses
\U0001F943,tumbler_glass
\U0001FAD7,pouring_liquid
\U0001F964,cup_with_straw
\U0001F9CB,bubble_tea
\U0001F9C3,beverage_box
\U0001F9C9,mate
\U0001F9CA,ice
\U0001F962,chopsticks
\U0001F37D,fork_and_knife_with_plate
\U0001F374,fork_and_knife
\U0001F944,spoon
\U0001F52A,kitchen_knife
\U0001FAD9,jar
\U0001F3FA,amphora
\U0001F30D,globe_showing_europe_africa
\U0001F30E,globe_showing_americas
\U0001F30F,globe_showing_asia_australia
\U0001F310,globe_with_meridians
\U0001F5FA,world_map
\U0001F5FE,map_of_japan
\U0001F9ED,compass
\U0001F3D4,snow_capped_mountain
\U00026F0,mountain
\U0001F30B,volcano
\U0001F5FB,mount_fuji
\U0001F3D5,camping
\U0001F3D6,beach_with_umbrella
\U0001F3DC,desert
\U0001F3DD,desert_island
\U0001F3DE,national_park
\U0001F3DF,stadium
\U0001F3DB,classical_building
\U0001F3D7,building_construction
\U0001F9F1,brick
\U0001FAA8,rock
\U0001FAB5,wood
\U0001F6D6,hut
\U0001F3D8,houses
\U0001F3DA,derelict_house
\U0001F3E0,house
\U0001F3E1,house_with_garden
\U0001F3E2,office_building
\U0001F3E3,japanese_post_office
\U0001F3E4,post_office
\U0001F3E5,hospital
\U0001F3E6,bank
\U0001F3E8,hotel
\U0001F3E9,love_hotel
\U0001F3EA,convenience_store
\U0001F3EB,school
\U0001F3EC,department_store
\U0001F3ED,factory
\U0001F3EF,japanese_castle
\U0001F3F0,castle
\U0001F492,wedding
\U0001F5FC,tokyo_tower
\U0001F5FD,statue_of_liberty
\U00026EA,church
\U0001F54C,mosque
\U0001F6D5,hindu_temple
\U0001F54D,synagogue
\U00026E9,shinto_shrine
\U0001F54B,kaaba
\U00026F2,fountain
\U00026FA,tent
\U0001F301,foggy
\U0001F303,night_with_stars
\U0001F3D9,cityscape
\U0001F304,sunrise_over_mountains
\U0001F305,sunrise
\U0001F306,cityscape_at_dusk
\U0001F307,sunset
\U0001F309,bridge_at_night
\U0002668,hot_springs
\U0001F3A0,carousel_horse
\U0001F6DD,playground_slide
\U0001F3A1,ferris_wheel
\U0001F3A2,roller_coaster
\U0001F488,barber_pole
\U0001F3AA,circus_tent
\U0001F682,locomotive
\U0001F683,railway_car
\U0001F684,high_speed_train
\U0001F685,bullet_train
\U0001F686,train
\U0001F687,metro
\U0001F688,light_rail
\U0001F689,station
\U0001F68A,tram
\U0001F69D,monorail
\U0001F69E,mountain_railway
\U0001F68B,tram_car
\U0001F68C,bus
\U0001F68D,oncoming_bus
\U0001F68E,trolleybus
\U0001F690,minibus
\U0001F691,ambulance
\U0001F692,fire_engine
\U0001F693,police_car
\U0001F694,oncoming_police_car
\U0001F695,taxi
\U0001F696,oncoming_taxi
\U0001F697,automobile
\U0001F698,oncoming_automobile
\U0001F699,sport_utility_vehicle
\U0001F6FB,pickup_truck
\U0001F69A,delivery_truck
\U0001F69B,articulated_lorry
\U0001F69C,tractor
\U0001F3CE,racing_car
\U0001F3CD,motorcycle
\U0001F6F5,motor_scooter
\U0001F9BD,manual_wheelchair
\U0001F9BC,motorized_wheelchair
\U0001F6FA,auto_rickshaw
\U0001F6B2,bicycle
\U0001F6F4,kick_scooter
\U0001F6F9,skateboard
\U0001F6FC,roller_skate
\U0001F68F,bus_stop
\U0001F6E3,motorway
\U0001F6E4,railway_track
\U0001F6E2,oil_drum
\U00026FD,fuel_pump
\U0001F6DE,wheel
\U0001F6A8,police_car_light
\U0001F6A5,horizontal_traffic_light
\U0001F6A6,vertical_traffic_light
\U0001F6D1,stop_sign
\U0001F6A7,construction
\U0002693,anchor
\U0001F6DF,ring_buoy
\U00026F5,sailboat
\U0001F6F6,canoe
\U0001F6A4,speedboat
\U0001F6F3,passenger_ship
\U00026F4,ferry
\U0001F6E5,motor_boat
\U0001F6A2,ship
\U0002708,airplane
\U0001F6E9,small_airplane
\U0001F6EB,airplane_departure
\U0001F6EC,airplane_arrival
\U0001FA82,parachute
\U0001F4BA,seat
\U0001F681,helicopter
\U0001F69F,suspension_railway
\U0001F6A0,mountain_cableway
\U0001F6A1,aerial_tramway
\U0001F6F0,satellite
\U0001F680,rocket
\U0001F6F8,flying_saucer
\U0001F6CE,bellhop_bell
\U0001F9F3,luggage
\U000231B,hourglass_done
\U00023F3,hourglass_not_done
\U000231A,watch
\U00023F0,alarm_clock
\U00023F1,stopwatch
\U00023F2,timer_clock
\U0001F570,mantelpiece_clock
\U0001F55B,twelve
\U0001F567,twelve_thirty
\U0001F550,one
\U0001F55C,one_thirty
\U0001F551,two
\U0001F55D,two_thirty
\U0001F552,three
\U0001F55E,three_thirty
\U0001F553,four
\U0001F55F,four_thirty
\U0001F554,five
\U0001F560,five_thirty
\U0001F555,six
\U0001F561,six_thirty
\U0001F556,seven
\U0001F562,seven_thirty
\U0001F557,eight
\U0001F563,eight_thirty
\U0001F558,nine
\U0001F564,nine_thirty
\U0001F559,ten
\U0001F565,ten_thirty
\U0001F55A,eleven
\U0001F566,eleven_thirty
\U0001F311,new_moon
\U0001F312,waxing_crescent_moon
\U0001F313,first_quarter_moon
\U0001F314,waxing_gibbous_moon
\U0001F315,full_moon
\U0001F316,waning_gibbous_moon
\U0001F317,last_quarter_moon
\U0001F318,waning_crescent_moon
\U0001F319,crescent_moon
\U0001F31A,new_moon_face
\U0001F31B,first_quarter_moon_face
\U0001F31C,last_quarter_moon_face
\U0001F321,thermometer
\U0002600,sun
\U0001F31D,full_moon_face
\U0001F31E,sun_with_face
\U0001FA90,ringed_planet
\U0002B50,star
\U0001F31F,glowing_star
\U0001F320,shooting_star
\U0001F30C,milky_way
\U0002601,cloud
\U00026C5,sun_behind_cloud
\U00026C8,cloud_with_lightning_and_rain
\U0001F324,sun_behind_small_cloud
\U0001F325,sun_behind_large_cloud
\U0001F326,sun_behind_rain_cloud
\U0001F327,cloud_with_rain
\U0001F328,cloud_with_snow
\U0001F329,cloud_with_lightning
\U0001F32A,tornado
\U0001F32B,fog
\U0001F32C,wind_face
\U0001F300,cyclone
\U0001F308,rainbow
\U0001F302,closed_umbrella
\U0002602,umbrella
\U0002614,umbrella_with_rain_drops
\U00026F1,umbrella_on_ground
\U00026A1,high_voltage
\U0002744,snowflake
\U0002603,snowman
\U00026C4,snowman_without_snow
\U0002604,comet
\U0001F525,fire
\U0001F4A7,droplet
\U0001F30A,water_wave
\U0001F383,jack_o_lantern
\U0001F384,christmas_tree
\U0001F386,fireworks
\U0001F387,sparkler
\U0001F9E8,firecracker
\U0002728,sparkles
\U0001F388,balloon
\U0001F389,party_popper
\U0001F38A,confetti_ball
\U0001F38B,tanabata_tree
\U0001F38D,pine_decoration
\U0001F38E,japanese_dolls
\U0001F38F,carp_streamer
\U0001F390,wind_chime
\U0001F391,moon_viewing_ceremony
\U0001F9E7,red_envelope
\U0001F380,ribbon
\U0001F381,wrapped_gift
\U0001F397,reminder_ribbon
\U0001F39F,admission_tickets
\U0001F3AB,ticket
\U0001F396,military_medal
\U0001F3C6,trophy
\U0001F3C5,sports_medal
\U0001F947,1st_place_medal
\U0001F948,2nd_place_medal
\U0001F949,3rd_place_medal
\U00026BD,soccer_ball
\U00026BE,baseball
\U0001F94E,softball
\U0001F3C0,basketball
\U0001F3D0,volleyball
\U0001F3C8,american_football
\U0001F3C9,rugby_football
\U0001F3BE,tennis
\U0001F94F,flying_disc
\U0001F3B3,bowling
\U0001F3CF,cricket_game
\U0001F3D1,field_hockey
\U0001F3D2,ice_hockey
\U0001F94D,lacrosse
\U0001F3D3,ping_pong
\U0001F3F8,badminton
\U0001F94A,boxing_glove
\U0001F94B,martial_arts_uniform
\U0001F945,goal_net
\U00026F3,in_hole
\U00026F8,ice_skate
\U0001F3A3,fishing_pole
\U0001F93F,diving_mask
\U0001F3BD,running_shirt
\U0001F3BF,skis
\U0001F6F7,sled
\U0001F94C,curling_stone
\U0001F3AF,bullseye
\U0001FA80,yo_yo
\U0001FA81,kite
\U0001F3B1,pool_8_ball
\U0001F52E,crystal_ball
\U0001FA84,magic_wand
\U0001F9FF,nazar_amulet
\U0001FAAC,hamsa
\U0001F3AE,video_game
\U0001F579,joystick
\U0001F3B0,slot_machine
\U0001F3B2,game_die
\U0001F9E9,puzzle_piece
\U0001F9F8,teddy_bear
\U0001FA85,piñata
\U0001FAA9,mirror_ball
\U0001FA86,nesting_dolls
\U0002660,spade_suit
\U0002665,heart_suit
\U0002666,diamond_suit
\U0002663,club_suit
\U000265F,chess_pawn
\U0001F0CF,joker
\U0001F004,mahjong_red_dragon
\U0001F3B4,flower_playing_cards
\U0001F3AD,performing_arts
\U0001F5BC,framed_picture
\U0001F3A8,artist_palette
\U0001F9F5,thread
\U0001FAA1,sewing_needle
\U0001F9F6,yarn
\U0001FAA2,knot
\U0001F453,glasses
\U0001F576,sunglasses
\U0001F97D,goggles
\U0001F97C,lab_coat
\U0001F9BA,safety_vest
\U0001F454,necktie
\U0001F455,t_shirt
\U0001F456,jeans
\U0001F9E3,scarf
\U0001F9E4,gloves
\U0001F9E5,coat
\U0001F9E6,socks
\U0001F457,dress
\U0001F458,kimono
\U0001F97B,sari
\U0001FA71,one_piece_swimsuit
\U0001FA72,briefs
\U0001FA73,shorts
\U0001F459,bikini
\U0001F45A,womans_clothes
\U0001F45B,purse
\U0001F45C,handbag
\U0001F45D,clutch_bag
\U0001F6CD,shopping_bags
\U0001F392,backpack
\U0001FA74,thong_sandal
\U0001F45E,mans_shoe
\U0001F45F,running_shoe
\U0001F97E,hiking_boot
\U0001F97F,flat_shoe
\U0001F460,high_heeled_shoe
\U0001F461,womans_sandal
\U0001FA70,ballet_shoes
\U0001F462,womans_boot
\U0001F451,crown
\U0001F452,womans_hat
\U0001F3A9,top_hat
\U0001F393,graduation_cap
\U0001F9E2,billed_cap
\U0001FA96,military_helmet
\U00026D1,rescue_workers_helmet
\U0001F4FF,prayer_beads
\U0001F484,lipstick
\U0001F48D,ring
\U0001F48E,gem_stone
\U0001F507,muted_speaker
\U0001F508,speaker_low_volume
\U0001F509,speaker_medium_volume
\U0001F50A,speaker_high_volume
\U0001F4E2,loudspeaker
\U0001F4E3,megaphone
\U0001F4EF,postal_horn
\U0001F514,bell
\U0001F515,bell_with_slash
\U0001F3BC,musical_score
\U0001F3B5,musical_note
\U0001F3B6,musical_notes
\U0001F399,studio_microphone
\U0001F39A,level_slider
\U0001F39B,control_knobs
\U0001F3A4,microphone
\U0001F3A7,headphone
\U0001F4FB,radio
\U0001F3B7,saxophone
\U0001FA97,accordion
\U0001F3B8,guitar
\U0001F3B9,musical_keyboard
\U0001F3BA,trumpet
\U0001F3BB,violin
\U0001FA95,banjo
\U0001F941,drum
\U0001FA98,long_drum
\U0001F4F1,mobile_phone
\U0001F4F2,mobile_phone_with_arrow
\U000260E,telephone
\U0001F4DE,telephone_receiver
\U0001F4DF,pager
\U0001F4E0,fax_machine
\U0001F50B,battery
\U0001FAAB,low_battery
\U0001F50C,electric_plug
\U0001F4BB,laptop
\U0001F5A5,desktop_computer
\U0001F5A8,printer
\U0002328,keyboard
\U0001F5B1,computer_mouse
\U0001F5B2,trackball
\U0001F4BD,computer_disk
\U0001F4BE,floppy_disk
\U0001F4BF,optical_disk
\U0001F4C0,dvd
\U0001F9EE,abacus
\U0001F3A5,movie_camera
\U0001F39E,film_frames
\U0001F4FD,film_projector
\U0001F3AC,clapper_board
\U0001F4FA,television
\U0001F4F7,camera
\U0001F4F8,camera_with_flash
\U0001F4F9,video_camera
\U0001F4FC,videocassette
\U0001F50D,magnifying_glass_tilted_left
\U0001F50E,magnifying_glass_tilted_right
\U0001F56F,candle
\U0001F4A1,light_bulb
\U0001F526,flashlight
\U0001F3EE,red_paper_lantern
\U0001FA94,diya_lamp
\U0001F4D4,notebook_with_decorative_cover
\U0001F4D5,closed_book
\U0001F4D6,open_book
\U0001F4D7,green_book
\U0001F4D8,blue_book
\U0001F4D9,orange_book
\U0001F4DA,books
\U0001F4D3,notebook
\U0001F4D2,ledger
\U0001F4C3,page_with_curl
\U0001F4DC,scroll
\U0001F4C4,page_facing_up
\U0001F4F0,newspaper
\U0001F5DE,rolled_up_newspaper
\U0001F4D1,bookmark_tabs
\U0001F516,bookmark
\U0001F3F7,label
\U0001F4B0,money_bag
\U0001FA99,coin
\U0001F4B4,yen_banknote
\U0001F4B5,dollar_banknote
\U0001F4B6,euro_banknote
\U0001F4B7,pound_banknote
\U0001F4B8,money_with_wings
\U0001F4B3,credit_card
\U0001F9FE,receipt
\U0001F4B9,chart_increasing_with_yen
\U0002709,envelope
\U0001F4E7,e_mail
\U0001F4E8,incoming_envelope
\U0001F4E9,envelope_with_arrow
\U0001F4E4,outbox_tray
\U0001F4E5,inbox_tray
\U0001F4E6,package
\U0001F4EB,closed_mailbox_with_raised_flag
\U0001F4EA,closed_mailbox_with_lowered_flag
\U0001F4EC,open_mailbox_with_raised_flag
\U0001F4ED,open_mailbox_with_lowered_flag
\U0001F4EE,postbox
\U0001F5F3,ballot_box_with_ballot
\U000270F,pencil
\U0002712,black_nib
\U0001F58B,fountain_pen
\U0001F58A,pen
\U0001F58C,paintbrush
\U0001F58D,crayon
\U0001F4DD,memo
\U0001F4BC,briefcase
\U0001F4C1,file_folder
\U0001F4C2,open_file_folder
\U0001F5C2,card_index_dividers
\U0001F4C5,calendar
\U0001F4C6,tear_off_calendar
\U0001F5D2,spiral_notepad
\U0001F5D3,spiral_calendar
\U0001F4C7,card_index
\U0001F4C8,chart_increasing
\U0001F4C9,chart_decreasing
\U0001F4CA,bar_chart
\U0001F4CB,clipboard
\U0001F4CC,pushpin
\U0001F4CD,round_pushpin
\U0001F4CE,paperclip
\U0001F587,linked_paperclips
\U0001F4CF,straight_ruler
\U0001F4D0,triangular_ruler
\U0002702,scissors
\U0001F5C3,card_file_box
\U0001F5C4,file_cabinet
\U0001F5D1,wastebasket
\U0001F512,locked
\U0001F513,unlocked
\U0001F50F,locked_with_pen
\U0001F510,locked_with_key
\U0001F511,key
\U0001F5DD,old_key
\U0001F528,hammer
\U0001FA93,axe
\U00026CF,pick
\U0002692,hammer_and_pick
\U0001F6E0,hammer_and_wrench
\U0001F5E1,dagger
\U0002694,crossed_swords
\U0001F52B,water_pistol
\U0001FA83,boomerang
\U0001F3F9,bow_and_arrow
\U0001F6E1,shield
\U0001FA9A,carpentry_saw
\U0001F527,wrench
\U0001FA9B,screwdriver
\U0001F529,nut_and_bolt
\U0002699,gear
\U0001F5DC,clamp
\U0002696,balance_scale
\U0001F9AF,white_cane
\U0001F517,link
\U00026D3,chains
\U0001FA9D,hook
\U0001F9F0,toolbox
\U0001F9F2,magnet
\U0001FA9C,ladder
\U0002697,alembic
\U0001F9EA,test_tube
\U0001F9EB,petri_dish
\U0001F9EC,dna
\U0001F52C,microscope
\U0001F52D,telescope
\U0001F4E1,satellite_antenna
\U0001F489,syringe
\U0001FA78,drop_of_blood
\U0001F48A,pill
\U0001FA79,adhesive_bandage
\U0001FA7C,crutch
\U0001FA7A,stethoscope
\U0001FA7B,x_ray
\U0001F6AA,door
\U0001F6D7,elevator
\U0001FA9E,mirror
\U0001FA9F,window
\U0001F6CF,bed
\U0001F6CB,couch_and_lamp
\U0001FA91,chair
\U0001F6BD,toilet
\U0001FAA0,plunger
\U0001F6BF,shower
\U0001F6C1,bathtub
\U0001FAA4,mouse_trap
\U0001FA92,razor
\U0001F9F4,lotion_bottle
\U0001F9F7,safety_pin
\U0001F9F9,broom
\U0001F9FA,basket
\U0001F9FB,roll_of_paper
\U0001FAA3,bucket
\U0001F9FC,soap
\U0001FAE7,bubbles
\U0001FAA5,toothbrush
\U0001F9FD,sponge
\U0001F9EF,fire_extinguisher
\U0001F6D2,shopping_cart
\U0001F6AC,cigarette
\U00026B0,coffin
\U0001FAA6,headstone
\U00026B1,funeral_urn
\U0001F5FF,moai
\U0001FAA7,placard
\U0001FAAA,identification_card
\U0001F3E7,atm_sign
\U0001F6AE,litter_in_bin_sign
\U0001F6B0,potable_water
\U000267F,wheelchair_symbol
\U0001F6B9,mens_room
\U0001F6BA,womens_room
\U0001F6BB,restroom
\U0001F6BC,baby_symbol
\U0001F6BE,water_closet
\U0001F6C2,passport_control
\U0001F6C3,customs
\U0001F6C4,baggage_claim
\U0001F6C5,left_luggage
\U00026A0,warning
\U0001F6B8,children_crossing
\U00026D4,no_entry
\U0001F6AB,prohibited
\U0001F6B3,no_bicycles
\U0001F6AD,no_smoking
\U0001F6AF,no_littering
\U0001F6B1,non_potable_water
\U0001F6B7,no_pedestrians
\U0001F4F5,no_mobile_phones
\U0001F51E,no_one_under_eighteen
\U0002622,radioactive
\U0002623,biohazard
\U0002B06,up_arrow
\U0002197,up_right_arrow
\U00027A1,right_arrow
\U0002198,down_right_arrow
\U0002B07,down_arrow
\U0002199,down_left_arrow
\U0002B05,left_arrow
\U0002196,up_left_arrow
\U0002195,up_down_arrow
\U0002194,left_right_arrow
\U00021A9,right_arrow_curving_left
\U00021AA,left_arrow_curving_right
\U0002934,right_arrow_curving_up
\U0002935,right_arrow_curving_down
\U0001F503,clockwise_vertical_arrows
\U0001F504,counterclockwise_arrows_button
\U0001F519,back_arrow
\U0001F51A,end_arrow
\U0001F51B,on!_arrow
\U0001F51C,soon_arrow
\U0001F51D,top_arrow
\U0001F6D0,place_of_worship
\U000269B,atom_symbol
\U0001F549,om
\U0002721,star_of_david
\U0002638,wheel_of_dharma
\U000262F,yin_yang
\U000271D,latin_cross
\U0002626,orthodox_cross
\U000262A,star_and_crescent
\U000262E,peace_symbol
\U0001F54E,menorah
\U0001F52F,dotted_six_pointed_star
\U0002648,aries
\U0002649,taurus
\U000264A,gemini
\U000264B,cancer
\U000264C,leo
\U000264D,virgo
\U000264E,libra
\U000264F,scorpio
\U0002650,sagittarius
\U0002651,capricorn
\U0002652,aquarius
\U0002653,pisces
\U00026CE,ophiuchus
\U0001F500,shuffle_tracks_button
\U0001F501,repeat_button
\U0001F502,repeat_single_button
\U00025B6,play_button
\U00023E9,fast_forward_button
\U00023ED,next_track_button
\U00023EF,play_or_pause_button
\U00025C0,reverse_button
\U00023EA,fast_reverse_button
\U00023EE,last_track_button
\U0001F53C,upwards_button
\U00023EB,fast_up_button
\U0001F53D,downwards_button
\U00023EC,fast_down_button
\U00023F8,pause_button
\U00023F9,stop_button
\U00023FA,record_button
\U00023CF,eject_button
\U0001F3A6,cinema
\U0001F505,dim_button
\U0001F506,bright_button
\U0001F4F6,antenna_bars
\U0001F4F3,vibration_mode
\U0001F4F4,mobile_phone_off
\U0002640,female_sign
\U0002642,male_sign
\U00026A7,transgender_symbol
\U0002716,multiply
\U0002795,plus
\U0002796,minus
\U0002797,divide
\U0001F7F0,heavy_equals_sign
\U000267E,infinity
\U000203C,double_exclamation_mark
\U0002049,exclamation_question_mark
\U0002753,red_question_mark
\U0002754,white_question_mark
\U0002755,white_exclamation_mark
\U0002757,red_exclamation_mark
\U0003030,wavy_dash
\U0001F4B1,currency_exchange
\U0001F4B2,heavy_dollar_sign
\U0002695,medical_symbol
\U000267B,recycling_symbol
\U000269C,fleur_de_lis
\U0001F531,trident_emblem
\U0001F4DB,name_badge
\U0001F530,japanese_symbol_for_beginner
\U0002B55,hollow_red_circle
\U0002705,check_mark_button
\U0002611,check_box_with_check
\U0002714,check_mark
\U000274C,cross_mark
\U000274E,cross_mark_button
\U00027B0,curly_loop
\U00027BF,double_curly_loop
\U000303D,part_alternation_mark
\U0002733,eight_spoked_asterisk
\U0002734,eight_pointed_star
\U0002747,sparkle
\U00000A9,copyright
\U00000AE,registered
\U0002122,trade_mark
\U00020E3,keycap_#
\U00020E3,keycap_*
\U00020E3,keycap_0
\U00020E3,keycap_1
\U00020E3,keycap_2
\U00020E3,keycap_3
\U00020E3,keycap_4
\U00020E3,keycap_5
\U00020E3,keycap_6
\U00020E3,keycap_7
\U00020E3,keycap_8
\U00020E3,keycap_9
\U0001F51F,keycap_10
\U0001F520,input_latin_uppercase
\U0001F521,input_latin_lowercase
\U0001F522,input_numbers
\U0001F523,input_symbols
\U0001F524,input_latin_letters
\U0001F170,a_button_(blood_type)
\U0001F18E,ab_button_(blood_type)
\U0001F171,b_button_(blood_type)
\U0001F191,cl_button
\U0001F192,cool_button
\U0001F193,free_button
\U0002139,information
\U0001F194,id_button
\U00024C2,circled_m
\U0001F195,new_button
\U0001F196,ng_button
\U0001F17E,o_button_(blood_type)
\U0001F197,ok_button
\U0001F17F,p_button
\U0001F198,sos_button
\U0001F199,up!_button
\U0001F19A,vs_button
\U0001F201,japanese__here__button
\U0001F202,japanese__service_charge__button
\U0001F237,japanese__monthly_amount__button
\U0001F236,japanese__not_free_of_charge__button
\U0001F22F,japanese__reserved__button
\U0001F250,japanese__bargain__button
\U0001F239,japanese__discount__button
\U0001F21A,japanese__free_of_charge__button
\U0001F232,japanese__prohibited__button
\U0001F251,japanese__acceptable__button
\U0001F238,japanese__application__button
\U0001F234,japanese__passing_grade__button
\U0001F233,japanese__vacancy__button
\U0003297,japanese__congratulations__button
\U0003299,japanese__secret__button
\U0001F23A,japanese__open_for_business__button
\U0001F235,japanese__no_vacancy__button
\U0001F534,red_circle
\U0001F7E0,orange_circle
\U0001F7E1,yellow_circle
\U0001F7E2,green_circle
\U0001F535,blue_circle
\U0001F7E3,purple_circle
\U0001F7E4,brown_circle
\U00026AB,black_circle
\U00026AA,white_circle
\U0001F7E5,red_square
\U0001F7E7,orange_square
\U0001F7E8,yellow_square
\U0001F7E9,green_square
\U0001F7E6,blue_square
\U0001F7EA,purple_square
\U0001F7EB,brown_square
\U0002B1B,black_large_square
\U0002B1C,white_large_square
\U00025FC,black_medium_square
\U00025FB,white_medium_square
\U00025FE,black_medium_small_square
\U00025FD,white_medium_small_square
\U00025AA,black_small_square
\U00025AB,white_small_square
\U0001F536,large_orange_diamond
\U0001F537,large_blue_diamond
\U0001F538,small_orange_diamond
\U0001F539,small_blue_diamond
\U0001F53A,red_triangle_pointed_up
\U0001F53B,red_triangle_pointed_down
\U0001F4A0,diamond_with_a_dot
\U0001F518,radio_button
\U0001F533,white_square_button
\U0001F532,black_square_button
\U0001F3C1,chequered_flag
\U0001F6A9,triangular_flag
\U0001F38C,crossed_flags
\U0001F3F4,black_flag
\U0001F3F3,white_flag
\U0001F308,rainbow_flag
\U000FE0F,transgender_flag
\U000FE0F,pirate_flag
\U0001F1E8,ascension_island
\U0001F1E9,andorra
\U0001F1EA,united_arab_emirates
\U0001F1EB,afghanistan
\U0001F1EC,antigua_&_barbuda
\U0001F1EE,anguilla
\U0001F1F1,albania
\U0001F1F2,armenia
\U0001F1F4,angola
\U0001F1F6,antarctica
\U0001F1F7,argentina
\U0001F1F8,american_samoa
\U0001F1F9,austria
\U0001F1FA,australia
\U0001F1FC,aruba
\U0001F1FD,åland_islands
\U0001F1FF,azerbaijan
\U0001F1E6,bosnia_&_herzegovina
\U0001F1E7,barbados
\U0001F1E9,bangladesh
\U0001F1EA,belgium
\U0001F1EB,burkina_faso
\U0001F1EC,bulgaria
\U0001F1ED,bahrain
\U0001F1EE,burundi
\U0001F1EF,benin
\U0001F1F1,st_barthélemy
\U0001F1F2,bermuda
\U0001F1F3,brunei
\U0001F1F4,bolivia
\U0001F1F6,caribbean_netherlands
\U0001F1F7,brazil
\U0001F1F8,bahamas
\U0001F1F9,bhutan
\U0001F1FB,bouvet_island
\U0001F1FC,botswana
\U0001F1FE,belarus
\U0001F1FF,belize
\U0001F1E6,canada
\U0001F1E8,cocos_(keeling)_islands
\U0001F1E9,congo___kinshasa
\U0001F1EB,central_african_republic
\U0001F1EC,congo___brazzaville
\U0001F1ED,switzerland
\U0001F1EE,côte_divoire
\U0001F1F0,cook_islands
\U0001F1F1,chile
\U0001F1F2,cameroon
\U0001F1F3,china
\U0001F1F4,colombia
\U0001F1F5,clipperton_island
\U0001F1F7,costa_rica
\U0001F1FA,cuba
\U0001F1FB,cape_verde
\U0001F1FC,curaçao
\U0001F1FD,christmas_island
\U0001F1FE,cyprus
\U0001F1FF,czechia
\U0001F1EA,germany
\U0001F1EC,diego_garcia
\U0001F1EF,djibouti
\U0001F1F0,denmark
\U0001F1F2,dominica
\U0001F1F4,dominican_republic
\U0001F1FF,algeria
\U0001F1E6,ceuta_&_melilla
\U0001F1E8,ecuador
\U0001F1EA,estonia
\U0001F1EC,egypt
\U0001F1ED,western_sahara
\U0001F1F7,eritrea
\U0001F1F8,spain
\U0001F1F9,ethiopia
\U0001F1FA,european_union
\U0001F1EE,finland
\U0001F1EF,fiji
\U0001F1F0,falkland_islands
\U0001F1F2,micronesia
\U0001F1F4,faroe_islands
\U0001F1F7,france
\U0001F1E6,gabon
\U0001F1E7,united_kingdom
\U0001F1E9,grenada
\U0001F1EA,georgia
\U0001F1EB,french_guiana
\U0001F1EC,guernsey
\U0001F1ED,ghana
\U0001F1EE,gibraltar
\U0001F1F1,greenland
\U0001F1F2,gambia
\U0001F1F3,guinea
\U0001F1F5,guadeloupe
\U0001F1F6,equatorial_guinea
\U0001F1F7,greece
\U0001F1F8,south_georgia_&_south_sandwich_islands
\U0001F1F9,guatemala
\U0001F1FA,guam
\U0001F1FC,guinea_bissau
\U0001F1FE,guyana
\U0001F1F0,hong_kong_sar_china
\U0001F1F2,heard_&_mcdonald_islands
\U0001F1F3,honduras
\U0001F1F7,croatia
\U0001F1F9,haiti
\U0001F1FA,hungary
\U0001F1E8,canary_islands
\U0001F1E9,indonesia
\U0001F1EA,ireland
\U0001F1F1,israel
\U0001F1F2,isle_of_man
\U0001F1F3,india
\U0001F1F4,british_indian_ocean_territory
\U0001F1F6,iraq
\U0001F1F7,iran
\U0001F1F8,iceland
\U0001F1F9,italy
\U0001F1EA,jersey
\U0001F1F2,jamaica
\U0001F1F4,jordan
\U0001F1F5,japan
\U0001F1EA,kenya
\U0001F1EC,kyrgyzstan
\U0001F1ED,cambodia
\U0001F1EE,kiribati
\U0001F1F2,comoros
\U0001F1F3,st_kitts_&_nevis
\U0001F1F5,north_korea
\U0001F1F7,south_korea
\U0001F1FC,kuwait
\U0001F1FE,cayman_islands
\U0001F1FF,kazakhstan
\U0001F1E6,laos
\U0001F1E7,lebanon
\U0001F1E8,st_lucia
\U0001F1EE,liechtenstein
\U0001F1F0,sri_lanka
\U0001F1F7,liberia
\U0001F1F8,lesotho
\U0001F1F9,lithuania
\U0001F1FA,luxembourg
\U0001F1FB,latvia
\U0001F1FE,libya
\U0001F1E6,morocco
\U0001F1E8,monaco
\U0001F1E9,moldova
\U0001F1EA,montenegro
\U0001F1EB,st_martin
\U0001F1EC,madagascar
\U0001F1ED,marshall_islands
\U0001F1F0,north_macedonia
\U0001F1F1,mali
\U0001F1F2,myanmar_(burma)
\U0001F1F3,mongolia
\U0001F1F4,macao_sar_china
\U0001F1F5,northern_mariana_islands
\U0001F1F6,martinique
\U0001F1F7,mauritania
\U0001F1F8,montserrat
\U0001F1F9,malta
\U0001F1FA,mauritius
\U0001F1FB,maldives
\U0001F1FC,malawi
\U0001F1FD,mexico
\U0001F1FE,malaysia
\U0001F1FF,mozambique
\U0001F1E6,namibia
\U0001F1E8,new_caledonia
\U0001F1EA,niger
\U0001F1EB,norfolk_island
\U0001F1EC,nigeria
\U0001F1EE,nicaragua
\U0001F1F1,netherlands
\U0001F1F4,norway
\U0001F1F5,nepal
\U0001F1F7,nauru
\U0001F1FA,niue
\U0001F1FF,new_zealand
\U0001F1F2,oman
\U0001F1E6,panama
\U0001F1EA,peru
\U0001F1EB,french_polynesia
\U0001F1EC,papua_new_guinea
\U0001F1ED,philippines
\U0001F1F0,pakistan
\U0001F1F1,poland
\U0001F1F2,st_pierre_&_miquelon
\U0001F1F3,pitcairn_islands
\U0001F1F7,puerto_rico
\U0001F1F8,palestinian_territories
\U0001F1F9,portugal
\U0001F1FC,palau
\U0001F1FE,paraguay
\U0001F1E6,qatar
\U0001F1EA,réunion
\U0001F1F4,romania
\U0001F1F8,serbia
\U0001F1FA,russia
\U0001F1FC,rwanda
\U0001F1E6,saudi_arabia
\U0001F1E7,solomon_islands
\U0001F1E8,seychelles
\U0001F1E9,sudan
\U0001F1EA,sweden
\U0001F1EC,singapore
\U0001F1ED,st_helena
\U0001F1EE,slovenia
\U0001F1EF,svalbard_&_jan_mayen
\U0001F1F0,slovakia
\U0001F1F1,sierra_leone
\U0001F1F2,san_marino
\U0001F1F3,senegal
\U0001F1F4,somalia
\U0001F1F7,suriname
\U0001F1F8,south_sudan
\U0001F1F9,são_tomé_&_príncipe
\U0001F1FB,el_salvador
\U0001F1FD,sint_maarten
\U0001F1FE,syria
\U0001F1FF,eswatini
\U0001F1E6,tristan_da_cunha
\U0001F1E8,turks_&_caicos_islands
\U0001F1E9,chad
\U0001F1EB,french_southern_territories
\U0001F1EC,togo
\U0001F1ED,thailand
\U0001F1EF,tajikistan
\U0001F1F0,tokelau
\U0001F1F1,timor_leste
\U0001F1F2,turkmenistan
\U0001F1F3,tunisia
\U0001F1F4,tonga
\U0001F1F7,turkey
\U0001F1F9,trinidad_&_tobago
\U0001F1FB,tuvalu
\U0001F1FC,taiwan
\U0001F1FF,tanzania
\U0001F1E6,ukraine
\U0001F1EC,uganda
\U0001F1F2,us_outlying_islands
\U0001F1F3,united_nations
\U0001F1F8,united_states
\U0001F1FE,uruguay
\U0001F1FF,uzbekistan
\U0001F1E6,vatican_city
\U0001F1E8,st_vincent_&_grenadines
\U0001F1EA,venezuela
\U0001F1EC,british_virgin_islands
\U0001F1EE,us_virgin_islands
\U0001F1F3,vietnam
\U0001F1FA,vanuatu
\U0001F1EB,wallis_&_futuna
\U0001F1F8,samoa
\U0001F1F0,kosovo
\U0001F1EA,yemen
\U0001F1F9,mayotte
\U0001F1E6,south_africa
\U0001F1F2,zambia
\U0001F1FC,zimbabwe
\U000E007F,england
\U000E007F,scotland
\U000E007F,wales
